,text,source,part,Happiness_M,Sadness_M,Anger_M,Disgust_M,Fear_M,Pride_M,Valence_M,Arousal_M,Irony_M,norm_Happiness_M,norm_Sadness_M,norm_Anger_M,norm_Disgust_M,norm_Fear_M,norm_Pride_M,norm_Valence_M,norm_Arousal_M,z_score_Happiness_M,z_score_Sadness_M,z_score_Anger_M,z_score_Disgust_M,z_score_Fear_M,z_score_Pride_M,z_score_Valence_M,z_score_Arousal_M,total_z_score
506,Edyta Żemła i Marcin Wyrwał: 87 tys. zł za cztery dni pracy kasują ludzie Mariusza Błaszczaka w spółce Exatel. _link_ ,twitter,1,1.0,1.4,2.2,2.0,1.0,1.0,2.2,2.2,1.0,0.0,0.0999999999999999,0.3,0.25,0.0,0.0,0.3,0.3,0.7028090943480242,0.3294748026996042,0.2360955424422346,0.4589228819224826,0.7521940272312464,0.8114075297411351,0.5097612046650035,0.2652694150611691,4.0659344981109005
3368,Błaszczak: WOT liczą już 30 tysięcy żołnierzy,twitter,74,2.0,1.0,1.0,1.0,1.0,2.6,3.6,1.8,0.0,0.25,0.0,0.0,0.0,0.0,0.4,0.65,0.2,0.3724461238330569,0.9023972241428534,0.9183631631352648,0.7467505922894634,0.7521940272312464,1.029337844864512,1.0141603984312215,0.7992262525448753,6.534875626472495
5417,"Korona dopadła min. Błaszczaka po trzech szprycach. Jak on bidak będzie uciekał w takim stanie, jakby wojna wybuchła?",twitter,14,1.6,2.4,2.6,2.8,3.2,1.0,2.0,2.6,4.0,0.15,0.35,0.4,0.4499999999999999,0.55,0.0,0.25,0.4,0.0576559634393754,1.102831250908519,0.6209151109680676,1.4234616612920392,3.039173445382982,0.8114075297411351,0.7274642908216074,0.2686874224225369,8.051596674976263
