,text,source,part,Happiness_M,Sadness_M,Anger_M,Disgust_M,Fear_M,Pride_M,Valence_M,Arousal_M,Irony_M,norm_Happiness_M,norm_Sadness_M,norm_Anger_M,norm_Disgust_M,norm_Fear_M,norm_Pride_M,norm_Valence_M,norm_Arousal_M,z_score_Happiness_M,z_score_Sadness_M,z_score_Anger_M,z_score_Disgust_M,z_score_Fear_M,z_score_Pride_M,z_score_Valence_M,z_score_Arousal_M,total_z_score
233,Kto się wybiera w najbliższą sobotę do rzeszowskiego Klubu Pod Palmą na piwo z __link__ 18 SEP 2021 Piwo z Mentzenem w Rzeszowie,,24,3.0,1.0,1.0,1.0,1.0,3.0,4.25,3.0,0.0,0.5,0.0,0.0,0.0,0.0,0.5,0.8125,0.5,1.447701342014138,0.9023972241428534,0.9183631631352648,0.7467505922894634,0.7521940272312464,1.4895241885159236,1.7216954284401835,0.8026442599062428,8.781270225675316
1581,Dzisiaj o 18:00 widzimy się na Piwie z Mentzenem w Bielsku-Białej.,,23,2.4,1.0,1.0,1.0,1.0,2.4,3.8,1.6,0.0,0.35,0.0,0.0,0.0,0.0,0.35,0.7,0.15,0.8025482111054892,0.9023972241428534,0.9183631631352648,0.7467505922894634,0.7521940272312464,0.7992446730388059,1.2318634845878251,1.0662046712867284,7.219566046817677
4975,PS. Sławomir Mentzen w TVP już wiedzą :),,48,1.6,1.0,1.8,1.0,1.0,1.6,2.4,2.4,2.0,0.15,0.0,0.2,0.0,0.0,0.15,0.35,0.35,0.0576559634393754,0.9023972241428534,0.1487240260835985,0.7467505922894634,0.7521940272312464,0.1211280142640174,0.2920581185084002,0.0017090036806836,3.0226169696396386
